[{"model": "network.user", "pk": 1, "fields": {"password": "pbkdf2_sha256$216000$ySakXktN9OnG$XIMb7NSYRV86qV2Wlleh77HOqgouGkV8DjUcK6d02IE=", "last_login": "2021-12-15T22:00:30.609Z", "is_superuser": false, "username": "kevin", "first_name": "", "last_name": "", "email": "eakevinjin@gmail.com", "is_staff": false, "is_active": true, "date_joined": "2021-12-11T03:25:06.930Z", "groups": [], "user_permissions": []}}, {"model": "network.user", "pk": 2, "fields": {"password": "pbkdf2_sha256$216000$p8HyvKYzesaO$FhkhLVv+PH+y6H2dEaaa6mnX0kKdm0T678cQTcN5E+8=", "last_login": "2022-01-10T01:07:14.675Z", "is_superuser": true, "username": "admin", "first_name": "", "last_name": "", "email": "bobkameron@gmail.com", "is_staff": true, "is_active": true, "date_joined": "2021-12-13T23:16:53.500Z", "groups": [], "user_permissions": []}}, {"model": "network.follow", "pk": 34, "fields": {"follower_user": 1, "follows_user": 2}}, {"model": "network.follow", "pk": 36, "fields": {"follower_user": 2, "follows_user": 1}}, {"model": "network.post", "pk": 1, "fields": {"datetime_created": "2021-12-14T19:40:22.715Z", "user": 2, "text": "Whooooa hello there mate..... How's it going????\n\nStop it mate!!!!!\n\nwwdasfasdf\n\nOk let's call it a day."}}, {"model": "network.post", "pk": 2, "fields": {"datetime_created": "2021-12-14T19:40:53.074Z", "user": 1, "text": "This is kevin!!!\r\n\r\nHey there!!!\r\n\r\n\r\nwow!!\r\n\r\namazing man"}}, {"model": "network.post", "pk": 3, "fields": {"datetime_created": "2021-12-14T19:41:07.476Z", "user": 2, "text": "Second post by admin!!!\n\nYay!!\n\nedt edt \nAdmin"}}, {"model": "network.post", "pk": 4, "fields": {"datetime_created": "2021-12-14T21:30:50.296Z", "user": 2, "text": "Hi this is another post\r\n\r\n\r\nYay!!\r\n\r\nwoohoo"}}, {"model": "network.post", "pk": 5, "fields": {"datetime_created": "2021-12-14T21:31:24.386Z", "user": 2, "text": "Hi this is another post\r\n\r\n\r\nYay!!\r\n\r\nwoohoo"}}, {"model": "network.post", "pk": 6, "fields": {"datetime_created": "2021-12-14T21:31:39.087Z", "user": 2, "text": "Stop it man!!!!"}}, {"model": "network.post", "pk": 7, "fields": {"datetime_created": "2021-12-14T21:31:48.079Z", "user": 2, "text": "Another post\r\n\r\n\r\nTwooo"}}, {"model": "network.post", "pk": 8, "fields": {"datetime_created": "2021-12-14T21:31:53.430Z", "user": 2, "text": "What's this\nwow\nsdfasdfasdf\nasdfasdf\nInteresting"}}, {"model": "network.post", "pk": 9, "fields": {"datetime_created": "2021-12-14T21:32:01.904Z", "user": 2, "text": "first\r\n2nd\r\nthird\r\n\r\n\r\nfourth"}}, {"model": "network.post", "pk": 10, "fields": {"datetime_created": "2021-12-14T21:32:10.530Z", "user": 2, "text": "one \r\n1\r\n2\r\n3\r\n'\r\n5\r\n\r\n6"}}, {"model": "network.post", "pk": 11, "fields": {"datetime_created": "2021-12-14T21:32:15.838Z", "user": 2, "text": "1"}}, {"model": "network.post", "pk": 12, "fields": {"datetime_created": "2021-12-14T21:32:18.097Z", "user": 2, "text": "2"}}, {"model": "network.post", "pk": 13, "fields": {"datetime_created": "2021-12-14T21:32:20.487Z", "user": 2, "text": "3"}}, {"model": "network.post", "pk": 14, "fields": {"datetime_created": "2021-12-14T21:32:26.478Z", "user": 2, "text": "5"}}, {"model": "network.post", "pk": 15, "fields": {"datetime_created": "2021-12-14T21:32:50.133Z", "user": 2, "text": "Final post\r\n\r\n\r\nI'm quitting"}}, {"model": "network.post", "pk": 16, "fields": {"datetime_created": "2021-12-14T21:33:15.554Z", "user": 2, "text": "asdfasdfasdf"}}, {"model": "network.post", "pk": 17, "fields": {"datetime_created": "2021-12-14T21:47:34.419Z", "user": 2, "text": "Ok this is it \r\n\r\n\r\nI'm done.\r\n\r\nYes"}}, {"model": "network.post", "pk": 18, "fields": {"datetime_created": "2021-12-14T21:49:39.494Z", "user": 2, "text": "Ok this is it \r\n\r\n\r\nI'm done.\r\n\r\nYes"}}, {"model": "network.post", "pk": 19, "fields": {"datetime_created": "2021-12-14T21:49:41.451Z", "user": 2, "text": "Ok this is it \r\n\r\n\r\nI'm done.\r\n\r\nYes"}}, {"model": "network.post", "pk": 20, "fields": {"datetime_created": "2021-12-14T21:50:12.473Z", "user": 2, "text": "Another post\r\n\r\n\r\nFinal one"}}, {"model": "network.post", "pk": 21, "fields": {"datetime_created": "2021-12-14T21:52:09.933Z", "user": 2, "text": "What ?????\r\n\r\n\r\nstop"}}, {"model": "network.post", "pk": 22, "fields": {"datetime_created": "2021-12-14T21:54:13.708Z", "user": 2, "text": "edit\nedit\n\nedit"}}, {"model": "network.post", "pk": 23, "fields": {"datetime_created": "2021-12-14T21:57:09.047Z", "user": 2, "text": "What what\nedit\nHello"}}, {"model": "network.post", "pk": 24, "fields": {"datetime_created": "2021-12-15T01:50:59.556Z", "user": 2, "text": "Hi this is funny\nzzzzzzzzzzzzz\n\nedit\nedit  \n\nAnother\n\n\nwhoaa"}}, {"model": "network.post", "pk": 25, "fields": {"datetime_created": "2021-12-15T03:06:32.709Z", "user": 2, "text": "edit\nasdfasdfasdf\nWoooWWWWWWWW!!!!!!!!!!!!!!!!!!!!!!!!!!!!!!!!!!!!! AmazinG!!!!!!\n\n\nedit\nasdfasdfsdfasf\n\n\nlorem ipsum lorem ipsum lorem ipsum lorem ipsum lorem ipsum lorem ipsum lorem ipsum lorem ipsum lorem ipsum lorem ipsum"}}, {"model": "network.post", "pk": 26, "fields": {"datetime_created": "2021-12-15T19:51:51.025Z", "user": 2, "text": "Hello man\n\nzzz\n\nsnoree...."}}, {"model": "network.post", "pk": 27, "fields": {"datetime_created": "2021-12-15T19:51:59.061Z", "user": 2, "text": "aasdf"}}, {"model": "network.post", "pk": 28, "fields": {"datetime_created": "2021-12-15T20:00:49.006Z", "user": 2, "text": "new post"}}, {"model": "network.post", "pk": 29, "fields": {"datetime_created": "2021-12-15T21:54:52.835Z", "user": 1, "text": "New post by Kevin.\nedit\nFinally!!!!!\n\nYes..."}}, {"model": "network.post", "pk": 30, "fields": {"datetime_created": "2021-12-15T21:57:50.369Z", "user": 1, "text": "Another post !!!!\nwoohooo\n\nYay!!1"}}, {"model": "network.post", "pk": 31, "fields": {"datetime_created": "2021-12-15T22:09:06.141Z", "user": 2, "text": "Hello This is admin\nedit\nedit edit\nHEllo"}}, {"model": "network.like", "pk": 1, "fields": {"user": 1, "post": 1}}, {"model": "network.like", "pk": 16, "fields": {"user": 2, "post": 1}}, {"model": "network.like", "pk": 21, "fields": {"user": 2, "post": 27}}, {"model": "network.like", "pk": 29, "fields": {"user": 2, "post": 2}}, {"model": "network.like", "pk": 32, "fields": {"user": 1, "post": 27}}, {"model": "network.like", "pk": 33, "fields": {"user": 1, "post": 26}}, {"model": "network.like", "pk": 36, "fields": {"user": 1, "post": 29}}, {"model": "network.like", "pk": 38, "fields": {"user": 1, "post": 30}}, {"model": "network.like", "pk": 39, "fields": {"user": 1, "post": 28}}, {"model": "network.like", "pk": 42, "fields": {"user": 2, "post": 31}}, {"model": "network.like", "pk": 43, "fields": {"user": 2, "post": 28}}, {"model": "network.like", "pk": 45, "fields": {"user": 2, "post": 25}}, {"model": "network.like", "pk": 46, "fields": {"user": 2, "post": 22}}, {"model": "network.like", "pk": 47, "fields": {"user": 2, "post": 30}}, {"model": "admin.logentry", "pk": 1, "fields": {"action_time": "2021-12-14T19:40:22.911Z", "user": 2, "content_type": 9, "object_id": "1", "object_repr": "Post object (1)", "action_flag": 1, "change_message": "[{\"added\": {}}]"}}, {"model": "admin.logentry", "pk": 2, "fields": {"action_time": "2021-12-14T19:40:27.853Z", "user": 2, "content_type": 9, "object_id": "1", "object_repr": "Post object (1)", "action_flag": 2, "change_message": "[]"}}, {"model": "admin.logentry", "pk": 3, "fields": {"action_time": "2021-12-14T19:40:53.151Z", "user": 2, "content_type": 9, "object_id": "2", "object_repr": "Post object (2)", "action_flag": 1, "change_message": "[{\"added\": {}}]"}}, {"model": "admin.logentry", "pk": 4, "fields": {"action_time": "2021-12-14T19:41:07.510Z", "user": 2, "content_type": 9, "object_id": "3", "object_repr": "Post object (3)", "action_flag": 1, "change_message": "[{\"added\": {}}]"}}, {"model": "admin.logentry", "pk": 5, "fields": {"action_time": "2021-12-14T20:04:20.753Z", "user": 2, "content_type": 8, "object_id": "1", "object_repr": "Like object (1)", "action_flag": 1, "change_message": "[{\"added\": {}}]"}}, {"model": "admin.logentry", "pk": 6, "fields": {"action_time": "2021-12-14T20:04:25.496Z", "user": 2, "content_type": 8, "object_id": "2", "object_repr": "Like object (2)", "action_flag": 1, "change_message": "[{\"added\": {}}]"}}, {"model": "admin.logentry", "pk": 7, "fields": {"action_time": "2021-12-14T20:04:29.175Z", "user": 2, "content_type": 8, "object_id": "3", "object_repr": "Like object (3)", "action_flag": 1, "change_message": "[{\"added\": {}}]"}}, {"model": "admin.logentry", "pk": 8, "fields": {"action_time": "2021-12-14T20:29:27.953Z", "user": 2, "content_type": 7, "object_id": "1", "object_repr": "Follow object (1)", "action_flag": 1, "change_message": "[{\"added\": {}}]"}}, {"model": "admin.logentry", "pk": 9, "fields": {"action_time": "2021-12-14T20:29:38.416Z", "user": 2, "content_type": 7, "object_id": "1", "object_repr": "Follow object (1)", "action_flag": 3, "change_message": ""}}, {"model": "admin.logentry", "pk": 10, "fields": {"action_time": "2021-12-14T20:29:51.865Z", "user": 2, "content_type": 7, "object_id": "2", "object_repr": "Follow object (2)", "action_flag": 1, "change_message": "[{\"added\": {}}]"}}, {"model": "admin.logentry", "pk": 11, "fields": {"action_time": "2021-12-14T20:47:38.367Z", "user": 2, "content_type": 7, "object_id": "2", "object_repr": "Follow object (2)", "action_flag": 3, "change_message": ""}}, {"model": "admin.logentry", "pk": 12, "fields": {"action_time": "2021-12-14T20:48:40.073Z", "user": 2, "content_type": 7, "object_id": "1", "object_repr": "Follow object (1)", "action_flag": 1, "change_message": "[{\"added\": {}}]"}}, {"model": "admin.logentry", "pk": 13, "fields": {"action_time": "2021-12-14T20:48:46.994Z", "user": 2, "content_type": 7, "object_id": "2", "object_repr": "Follow object (2)", "action_flag": 1, "change_message": "[{\"added\": {}}]"}}, {"model": "admin.logentry", "pk": 14, "fields": {"action_time": "2021-12-15T00:30:00.580Z", "user": 2, "content_type": 7, "object_id": "3", "object_repr": "Follow object (3)", "action_flag": 1, "change_message": "[{\"added\": {}}]"}}, {"model": "auth.permission", "pk": 1, "fields": {"name": "Can add user", "content_type": 1, "codename": "add_user"}}, {"model": "auth.permission", "pk": 2, "fields": {"name": "Can change user", "content_type": 1, "codename": "change_user"}}, {"model": "auth.permission", "pk": 3, "fields": {"name": "Can delete user", "content_type": 1, "codename": "delete_user"}}, {"model": "auth.permission", "pk": 4, "fields": {"name": "Can view user", "content_type": 1, "codename": "view_user"}}, {"model": "auth.permission", "pk": 5, "fields": {"name": "Can add log entry", "content_type": 2, "codename": "add_logentry"}}, {"model": "auth.permission", "pk": 6, "fields": {"name": "Can change log entry", "content_type": 2, "codename": "change_logentry"}}, {"model": "auth.permission", "pk": 7, "fields": {"name": "Can delete log entry", "content_type": 2, "codename": "delete_logentry"}}, {"model": "auth.permission", "pk": 8, "fields": {"name": "Can view log entry", "content_type": 2, "codename": "view_logentry"}}, {"model": "auth.permission", "pk": 9, "fields": {"name": "Can add permission", "content_type": 3, "codename": "add_permission"}}, {"model": "auth.permission", "pk": 10, "fields": {"name": "Can change permission", "content_type": 3, "codename": "change_permission"}}, {"model": "auth.permission", "pk": 11, "fields": {"name": "Can delete permission", "content_type": 3, "codename": "delete_permission"}}, {"model": "auth.permission", "pk": 12, "fields": {"name": "Can view permission", "content_type": 3, "codename": "view_permission"}}, {"model": "auth.permission", "pk": 13, "fields": {"name": "Can add group", "content_type": 4, "codename": "add_group"}}, {"model": "auth.permission", "pk": 14, "fields": {"name": "Can change group", "content_type": 4, "codename": "change_group"}}, {"model": "auth.permission", "pk": 15, "fields": {"name": "Can delete group", "content_type": 4, "codename": "delete_group"}}, {"model": "auth.permission", "pk": 16, "fields": {"name": "Can view group", "content_type": 4, "codename": "view_group"}}, {"model": "auth.permission", "pk": 17, "fields": {"name": "Can add content type", "content_type": 5, "codename": "add_contenttype"}}, {"model": "auth.permission", "pk": 18, "fields": {"name": "Can change content type", "content_type": 5, "codename": "change_contenttype"}}, {"model": "auth.permission", "pk": 19, "fields": {"name": "Can delete content type", "content_type": 5, "codename": "delete_contenttype"}}, {"model": "auth.permission", "pk": 20, "fields": {"name": "Can view content type", "content_type": 5, "codename": "view_contenttype"}}, {"model": "auth.permission", "pk": 21, "fields": {"name": "Can add session", "content_type": 6, "codename": "add_session"}}, {"model": "auth.permission", "pk": 22, "fields": {"name": "Can change session", "content_type": 6, "codename": "change_session"}}, {"model": "auth.permission", "pk": 23, "fields": {"name": "Can delete session", "content_type": 6, "codename": "delete_session"}}, {"model": "auth.permission", "pk": 24, "fields": {"name": "Can view session", "content_type": 6, "codename": "view_session"}}, {"model": "auth.permission", "pk": 25, "fields": {"name": "Can add follow", "content_type": 7, "codename": "add_follow"}}, {"model": "auth.permission", "pk": 26, "fields": {"name": "Can change follow", "content_type": 7, "codename": "change_follow"}}, {"model": "auth.permission", "pk": 27, "fields": {"name": "Can delete follow", "content_type": 7, "codename": "delete_follow"}}, {"model": "auth.permission", "pk": 28, "fields": {"name": "Can view follow", "content_type": 7, "codename": "view_follow"}}, {"model": "auth.permission", "pk": 29, "fields": {"name": "Can add like", "content_type": 8, "codename": "add_like"}}, {"model": "auth.permission", "pk": 30, "fields": {"name": "Can change like", "content_type": 8, "codename": "change_like"}}, {"model": "auth.permission", "pk": 31, "fields": {"name": "Can delete like", "content_type": 8, "codename": "delete_like"}}, {"model": "auth.permission", "pk": 32, "fields": {"name": "Can view like", "content_type": 8, "codename": "view_like"}}, {"model": "auth.permission", "pk": 33, "fields": {"name": "Can add post", "content_type": 9, "codename": "add_post"}}, {"model": "auth.permission", "pk": 34, "fields": {"name": "Can change post", "content_type": 9, "codename": "change_post"}}, {"model": "auth.permission", "pk": 35, "fields": {"name": "Can delete post", "content_type": 9, "codename": "delete_post"}}, {"model": "auth.permission", "pk": 36, "fields": {"name": "Can view post", "content_type": 9, "codename": "view_post"}}, {"model": "contenttypes.contenttype", "pk": 1, "fields": {"app_label": "network", "model": "user"}}, {"model": "contenttypes.contenttype", "pk": 2, "fields": {"app_label": "admin", "model": "logentry"}}, {"model": "contenttypes.contenttype", "pk": 3, "fields": {"app_label": "auth", "model": "permission"}}, {"model": "contenttypes.contenttype", "pk": 4, "fields": {"app_label": "auth", "model": "group"}}, {"model": "contenttypes.contenttype", "pk": 5, "fields": {"app_label": "contenttypes", "model": "contenttype"}}, {"model": "contenttypes.contenttype", "pk": 6, "fields": {"app_label": "sessions", "model": "session"}}, {"model": "contenttypes.contenttype", "pk": 7, "fields": {"app_label": "network", "model": "follow"}}, {"model": "contenttypes.contenttype", "pk": 8, "fields": {"app_label": "network", "model": "like"}}, {"model": "contenttypes.contenttype", "pk": 9, "fields": {"app_label": "network", "model": "post"}}, {"model": "sessions.session", "pk": "ap9y31b7toetufycfhpd6jfa4irs51hi", "fields": {"session_data": ".eJxVjEEOwiAQRe_C2hBgUKhL9z0DgRlGqgaS0q6Md7dNutDtf-_9twhxXUpYe57DROIqjDj9biniM9cd0CPWe5PY6jJPSe6KPGiXY6P8uh3u30GJvWw1KzprcIZNBqvIAyKS9pHUEJ1GiwNfQJnNSk4haPaJ0WVyaJkhJ_H5AuvWOLQ:1n6j9W:qHTSrknY8ULrNy1NOcIHeZGPc31by-a_ViWj_ZnuoBM", "expire_date": "2022-01-24T01:07:14.839Z"}}, {"model": "sessions.session", "pk": "fe2whq2usa08dw96z4rfyj5a3u9k35ke", "fields": {"session_data": ".eJxVjEEOwiAQRe_C2hBgUKhL9z0DgRlGqgaS0q6Md7dNutDtf-_9twhxXUpYe57DROIqjDj9biniM9cd0CPWe5PY6jJPSe6KPGiXY6P8uh3u30GJvWw1KzprcIZNBqvIAyKS9pHUEJ1GiwNfQJnNSk4haPaJ0WVyaJkhJ_H5AuvWOLQ:1mxcU1:WIuFX537UdmmqJgmUN5joTklbxI9tvf5hfWEbS-YCdk", "expire_date": "2021-12-29T22:10:45.357Z"}}, {"model": "sessions.session", "pk": "qum6zdfzh1duq5cupzbim3zr3y2dk0gt", "fields": {"session_data": ".eJxVjLEOgzAQQ_8lcxUlR8hBx-58AzqSu0JbJRKBqeq_N0gMreXJz_ZbjbRv87gXXsclqquy6vKbTRSenA4QH5TuWYectnWZ9FHRJy16yJFft7P7dzBTmeu6b5HI-04QTTXEHoIXcI3znqVhQBOpc-KwKhgvLRgWtNAhTByt-nwBvN02_g:1mwrRl:5YTfgV_9GCM6u41SLFofExJRnmFWQ-MDF8kw1PE2jAM", "expire_date": "2021-12-27T19:57:17.137Z"}}]